dBZ,lat,lon
37.4,22.023368254885057,-103.44581676283308
37.4,22.023368254885057,-103.4218235537936
37.4,22.018744177995888,-103.44101812102518
37.4,22.01412010110672,-103.44581676283308
37.4,22.01412010110672,-103.44101812102518
42.5,22.00949602421755,-103.44581676283308
37.4,22.00949602421755,-103.44101812102518
37.4,22.004871947328382,-103.44581676283308
37.4,22.004871947328382,-103.44101812102518
42.5,22.000247870439214,-103.44101812102518
37.4,21.995623793550045,-103.44101812102518
37.4,21.990999716660877,-103.44101812102518
34.2,21.981751562882536,-103.46980997187254
34.2,21.963255255325862,-103.44101812102518
34.2,21.963255255325862,-103.43621947921729
34.2,21.958631178436693,-103.44101812102518
34.2,21.958631178436693,-103.43621947921729
34.2,21.958631178436693,-103.4218235537936
37.4,21.954007101547525,-103.44101812102518
37.4,21.954007101547525,-103.43621947921729
37.4,21.949383024658356,-103.44101812102518
37.4,21.949383024658356,-103.43621947921729
37.4,21.944758947769188,-103.43621947921729
34.2,21.940134870880016,-103.43621947921729
34.2,21.93088671710168,-103.43621947921729
37.4,21.92626264021251,-103.43621947921729
37.4,21.92163856332334,-103.43621947921729
34.2,21.903142255766667,-103.4218235537936
34.2,21.898518178877495,-103.43621947921729
34.2,21.898518178877495,-103.40742762836993
37.4,21.88464594820999,-103.43621947921729
34.2,21.88464594820999,-103.4218235537936
34.2,21.870773717542484,-103.43621947921729
34.2,21.861525563764147,-103.43621947921729
34.2,21.852277409985806,-103.43621947921729
37.4,21.852277409985806,-103.4170249119857
34.2,21.847653333096638,-103.4170249119857
34.2,21.84302925620747,-103.43621947921729
34.2,21.84302925620747,-103.43142083740939
34.2,21.84302925620747,-103.4170249119857
34.2,21.833781102429132,-103.43142083740939
37.4,21.815284794872458,-103.4170249119857
34.2,21.810660717983286,-103.4170249119857
34.2,21.806036641094117,-103.40742762836993
37.4,21.79678848731578,-103.44101812102518
37.4,21.778292179759106,-103.44101812102518
34.2,21.778292179759106,-103.43142083740939
34.2,21.773668102869937,-103.4170249119857
37.4,21.76904402598077,-103.44101812102518
37.4,21.76904402598077,-103.43142083740939
34.2,21.76904402598077,-103.4170249119857
34.2,21.764419949091597,-103.43142083740939
34.2,21.759795872202428,-103.43142083740939
34.2,21.75517179531326,-103.44101812102518
37.4,21.745923641534922,-103.43142083740939
37.4,21.732051410867417,-103.43621947921729
34.2,21.732051410867417,-103.43142083740939
34.2,21.718179180199908,-103.4266221956015
37.4,21.704306949532402,-103.43621947921729
37.4,21.690434718864896,-103.4266221956015
34.2,21.68118656508656,-103.4266221956015
34.2,21.67193841130822,-103.43621947921729
34.2,21.67193841130822,-103.4266221956015
37.4,21.66731433441905,-103.4266221956015
34.2,21.66269025752988,-103.4266221956015
34.2,21.658066180640713,-103.43621947921729
37.4,21.644193949973207,-103.4266221956015
34.2,21.63956987308404,-103.4266221956015
34.2,21.634945796194867,-103.4266221956015
34.2,21.630321719305698,-103.4266221956015
34.2,21.62569764241653,-103.43142083740939
37.4,21.62107356552736,-103.43142083740939
37.4,21.62107356552736,-103.4266221956015
34.2,21.616449488638192,-102.50528296848591
34.2,21.602577257970687,-103.43142083740939
37.4,21.59332910419235,-103.43142083740939
34.2,21.588705027303178,-103.43142083740939
34.2,21.58408095041401,-103.44101812102518
34.2,21.574832796635672,-103.43142083740939
29.4,21.565584642857335,-103.44101812102518
34.2,21.53784018152232,-102.53887346114116
34.2,21.528592027743983,-103.43142083740939
34.2,21.528592027743983,-103.40742762836993
34.2,21.528592027743983,-102.54847074475695
34.2,21.523967950854814,-103.43142083740939
34.2,21.523967950854814,-103.4266221956015
34.2,21.523967950854814,-102.55326938656485
34.2,21.519343873965646,-103.4266221956015
29.4,21.514719797076477,-103.40742762836993
34.2,21.4962234895198,-103.4266221956015
29.4,21.49159941263063,-103.40262898656204
34.2,21.49159941263063,-102.591658521028
34.2,21.486975335741462,-102.62045037187536
29.4,21.482351258852294,-103.4266221956015
34.2,21.477727181963125,-103.4170249119857
34.2,21.477727181963125,-102.60605444645168
34.2,21.477727181963125,-102.30853865436227
29.4,21.468479028184788,-103.4266221956015
34.2,21.468479028184788,-103.4170249119857
34.2,21.468479028184788,-102.31813593797806
37.4,21.468479028184788,-102.31333729617016
34.2,21.46385495129562,-103.4170249119857
29.4,21.45460679751728,-103.43621947921729
34.2,21.45460679751728,-103.4170249119857
34.2,21.45460679751728,-103.40262898656204
34.2,21.44998272062811,-103.41222627017783
34.2,21.44998272062811,-103.40262898656204
34.2,21.44998272062811,-102.33733050520964
34.2,21.445358643738942,-103.4266221956015
29.4,21.445358643738942,-103.4170249119857
34.2,21.436110489960605,-103.4170249119857
29.4,21.436110489960605,-103.41222627017783
34.2,21.431486413071436,-103.4266221956015
34.2,21.431486413071436,-103.4170249119857
34.2,21.431486413071436,-102.60125580464378
37.4,21.426862336182268,-103.41222627017783
29.4,21.4222382592931,-103.4266221956015
34.2,21.4222382592931,-103.4218235537936
29.4,21.4222382592931,-103.4170249119857
34.2,21.4222382592931,-103.41222627017783
29.4,21.41761418240393,-103.4218235537936
29.4,21.41761418240393,-103.4170249119857
34.2,21.41761418240393,-103.41222627017783
34.2,21.41761418240393,-102.26535087809123
29.4,21.41299010551476,-103.4170249119857
34.2,21.40836602862559,-102.68763135718588
34.2,21.40836602862559,-102.60605444645168
29.4,21.40374195173642,-103.43142083740939
34.2,21.40374195173642,-103.4266221956015
34.2,21.40374195173642,-103.4170249119857
29.4,21.40374195173642,-103.41222627017783
34.2,21.40374195173642,-102.69242999899377
34.2,21.399117874847253,-103.4170249119857
34.2,21.394493797958084,-103.4218235537936
34.2,21.389869721068916,-102.62524901368326
34.2,21.385245644179747,-103.4218235537936
34.2,21.385245644179747,-103.40742762836993
34.2,21.385245644179747,-103.40262898656204
34.2,21.385245644179747,-102.63004765549115
37.4,21.385245644179747,-102.2029685345886
34.2,21.38062156729058,-103.41222627017783
29.4,21.38062156729058,-103.40742762836993
29.4,21.37599749040141,-103.4218235537936
29.4,21.37599749040141,-103.40742762836993
34.2,21.371373413512238,-103.41222627017783
29.4,21.371373413512238,-103.40262898656204
34.2,21.371373413512238,-102.64444358091482
34.2,21.371373413512238,-102.21736446001229
29.4,21.36674933662307,-103.41222627017783
34.2,21.36674933662307,-103.40262898656204
34.2,21.36674933662307,-102.64924222272272
34.2,21.36674933662307,-102.46209519221487
37.4,21.36674933662307,-102.23176038543598
34.2,21.36674933662307,-102.22696174362808
34.2,21.3621252597339,-103.41222627017783
29.4,21.3621252597339,-103.40742762836993
34.2,21.3621252597339,-102.65404086453061
34.2,21.3621252597339,-102.23176038543598
34.2,21.357501182844732,-103.41222627017783
29.4,21.357501182844732,-103.40742762836993
34.2,21.357501182844732,-102.17897532554915
34.2,21.352877105955564,-103.41222627017783
34.2,21.352877105955564,-103.40742762836993
34.2,21.348253029066395,-102.16937804193336
34.2,21.343628952177227,-103.41222627017783
29.4,21.343628952177227,-103.40742762836993
34.2,21.343628952177227,-102.49568568487012
34.2,21.343628952177227,-102.2029685345886
37.4,21.343628952177227,-102.18377396735704
37.4,21.343628952177227,-102.17897532554915
34.2,21.343628952177227,-102.17417668374125
34.2,21.339004875288058,-102.67803407357009
34.2,21.339004875288058,-102.27974680351491
34.2,21.339004875288058,-102.27014951989912
34.2,21.339004875288058,-102.26535087809123
34.2,21.339004875288058,-102.18857260916494
34.2,21.33438079839889,-103.41222627017783
29.4,21.33438079839889,-103.39783034475414
34.2,21.33438079839889,-102.68283271537798
34.2,21.33438079839889,-102.2845454453228
37.4,21.33438079839889,-102.19816989278071
34.2,21.329756721509717,-103.41222627017783
29.4,21.329756721509717,-103.14830097074366
34.2,21.329756721509717,-103.14350232893577
34.2,21.329756721509717,-103.13870368712787
29.4,21.329756721509717,-103.13390504531999
34.2,21.329756721509717,-102.68763135718588
34.2,21.329756721509717,-102.2941427289386
34.2,21.329756721509717,-102.2077671763965
34.2,21.329756721509717,-102.2029685345886
29.4,21.32513264462055,-103.41222627017783
29.4,21.32513264462055,-103.15309961255156
34.2,21.32513264462055,-103.14830097074366
34.2,21.32513264462055,-103.14350232893577
37.4,21.32513264462055,-103.13870368712787
37.4,21.32513264462055,-103.13390504531999
29.4,21.32513264462055,-103.1291064035121
34.2,21.32513264462055,-102.69722864080165
34.2,21.32513264462055,-102.69242999899377
34.2,21.32513264462055,-102.50528296848591
34.2,21.32513264462055,-102.29894137074649
34.2,21.32513264462055,-102.22216310182019
37.4,21.32513264462055,-102.21736446001229
34.2,21.32513264462055,-102.2125658182044
37.4,21.32513264462055,-102.2077671763965
29.4,21.32050856773138,-103.15309961255156
34.2,21.32050856773138,-103.14830097074366
37.4,21.32050856773138,-103.14350232893577
37.4,21.32050856773138,-103.13870368712787
37.4,21.32050856773138,-103.13390504531999
34.2,21.32050856773138,-103.1291064035121
29.4,21.32050856773138,-103.1243077617042
29.4,21.32050856773138,-102.74041641707271
34.2,21.32050856773138,-102.70202728260955
34.2,21.32050856773138,-102.69722864080165
34.2,21.32050856773138,-102.2941427289386
34.2,21.32050856773138,-102.23655902724387
34.2,21.32050856773138,-102.22696174362808
34.2,21.32050856773138,-102.22216310182019
34.2,21.32050856773138,-102.21736446001229
29.4,21.315884490842212,-103.15789825435945
29.4,21.315884490842212,-103.15309961255156
34.2,21.315884490842212,-103.14830097074366
37.4,21.315884490842212,-103.14350232893577
37.4,21.315884490842212,-103.13870368712787
37.4,21.315884490842212,-103.13390504531999
37.4,21.315884490842212,-103.1291064035121
29.4,21.315884490842212,-103.1243077617042
29.4,21.315884490842212,-102.74041641707271
29.4,21.315884490842212,-102.70682592441744
34.2,21.315884490842212,-102.30374001255439
34.2,21.311260413953043,-103.4170249119857
29.4,21.311260413953043,-103.40742762836993
34.2,21.311260413953043,-103.15789825435945
37.4,21.311260413953043,-103.15309961255156
42.5,21.311260413953043,-103.14830097074366
42.5,21.311260413953043,-103.14350232893577
37.4,21.311260413953043,-103.13870368712787
37.4,21.311260413953043,-103.13390504531999
34.2,21.311260413953043,-103.1291064035121
37.4,21.311260413953043,-102.25095495266754
34.2,21.311260413953043,-102.23655902724387
29.4,21.306636337063875,-103.4170249119857
29.4,21.306636337063875,-103.39783034475414
29.4,21.306636337063875,-103.16749553797524
34.2,21.306636337063875,-103.16269689616735
34.2,21.306636337063875,-103.15789825435945
37.4,21.306636337063875,-103.15309961255156
42.5,21.306636337063875,-103.14830097074366
42.5,21.306636337063875,-103.14350232893577
42.5,21.306636337063875,-103.13870368712787
42.5,21.306636337063875,-103.13390504531999
34.2,21.306636337063875,-103.1291064035121
34.2,21.306636337063875,-102.71642320803323
34.2,21.306636337063875,-102.71162456622534
34.2,21.306636337063875,-102.32293457978595
29.4,21.302012260174706,-103.40742762836993
29.4,21.302012260174706,-103.39783034475414
29.4,21.302012260174706,-103.16269689616735
37.4,21.302012260174706,-103.15789825435945
37.4,21.302012260174706,-103.15309961255156
37.4,21.302012260174706,-103.14830097074366
42.5,21.302012260174706,-103.14350232893577
37.4,21.302012260174706,-103.13870368712787
34.2,21.302012260174706,-103.13390504531999
34.2,21.302012260174706,-103.1291064035121
29.4,21.302012260174706,-102.75961098430427
29.4,21.302012260174706,-102.75481234249638
34.2,21.302012260174706,-102.71642320803323
34.2,21.302012260174706,-102.33733050520964
29.4,21.297388183285538,-103.4170249119857
29.4,21.297388183285538,-103.40742762836993
29.4,21.297388183285538,-103.15789825435945
34.2,21.297388183285538,-103.15309961255156
37.4,21.297388183285538,-103.14830097074366
37.4,21.297388183285538,-103.14350232893577
34.2,21.297388183285538,-103.13870368712787
34.2,21.297388183285538,-103.13390504531999
29.4,21.297388183285538,-102.75961098430427
34.2,21.297388183285538,-102.72602049164902
34.2,21.297388183285538,-102.72122184984113
34.2,21.297388183285538,-102.33733050520964
29.4,21.29276410639637,-103.40742762836993
29.4,21.29276410639637,-103.15789825435945
34.2,21.29276410639637,-103.15309961255156
29.4,21.29276410639637,-103.14830097074366
29.4,21.29276410639637,-103.14350232893577
34.2,21.29276410639637,-103.13870368712787
29.4,21.29276410639637,-102.73081913345692
34.2,21.29276410639637,-102.35652507244122
37.4,21.29276410639637,-102.27494816170702
34.2,21.29276410639637,-102.27014951989912
29.4,21.2881400295072,-103.4170249119857
34.2,21.2881400295072,-103.40742762836993
29.4,21.2881400295072,-103.16269689616735
34.2,21.2881400295072,-103.15789825435945
29.4,21.2881400295072,-103.15309961255156
29.4,21.2881400295072,-103.14830097074366
34.2,21.2881400295072,-103.14350232893577
34.2,21.2881400295072,-102.35652507244122
34.2,21.2881400295072,-102.35172643063332
34.2,21.2881400295072,-102.2845454453228
34.2,21.2881400295072,-102.27494816170702
29.4,21.28351595261803,-103.4170249119857
29.4,21.28351595261803,-103.16749553797524
29.4,21.28351595261803,-103.16269689616735
29.4,21.28351595261803,-103.15789825435945
29.4,21.28351595261803,-103.15309961255156
29.4,21.28351595261803,-103.14830097074366
34.2,21.28351595261803,-102.57726259560432
34.2,21.28351595261803,-102.3613237142491
34.2,21.28351595261803,-102.35652507244122
34.2,21.28351595261803,-102.30374001255439
34.2,21.28351595261803,-102.2941427289386
29.4,21.27889187572886,-103.16749553797524
29.4,21.27889187572886,-103.15309961255156
34.2,21.27889187572886,-102.30853865436227
34.2,21.27889187572886,-102.30374001255439
37.4,21.27889187572886,-102.29894137074649
34.2,21.27889187572886,-102.2941427289386
29.4,21.27426779883969,-103.40742762836993
29.4,21.27426779883969,-103.16749553797524
34.2,21.27426779883969,-103.16269689616735
34.2,21.27426779883969,-102.31813593797806
34.2,21.27426779883969,-102.31333729617016
34.2,21.27426779883969,-102.30853865436227
34.2,21.27426779883969,-102.30374001255439
29.4,21.269643721950523,-103.15789825435945
29.4,21.269643721950523,-102.78840283515164
34.2,21.269643721950523,-102.33253186340174
22.6,21.265019645061354,-103.40742762836993
29.4,21.265019645061354,-103.39783034475414
34.2,21.265019645061354,-102.32293457978595
29.4,21.260395568172186,-103.39783034475414
29.4,21.260395568172186,-102.72602049164902
34.2,21.260395568172186,-102.61085308825957
34.2,21.260395568172186,-102.34212914701753
34.2,21.260395568172186,-102.33733050520964
37.4,21.260395568172186,-102.32773322159385
34.2,21.255771491283017,-103.40742762836993
29.4,21.255771491283017,-102.72602049164902
34.2,21.255771491283017,-102.72122184984113
29.4,21.255771491283017,-102.71642320803323
29.4,21.255771491283017,-102.71162456622534
34.2,21.255771491283017,-102.34212914701753
34.2,21.255771491283017,-102.33733050520964
29.4,21.25114741439385,-102.817194685999
29.4,21.25114741439385,-102.72602049164902
34.2,21.25114741439385,-102.72122184984113
34.2,21.25114741439385,-102.71642320803323
29.4,21.25114741439385,-102.70682592441744
34.2,21.25114741439385,-102.41410877413594
34.2,21.25114741439385,-102.35172643063332
34.2,21.25114741439385,-102.34692778882543
37.4,21.25114741439385,-102.34212914701753
29.4,21.24652333750468,-103.40742762836993
29.4,21.24652333750468,-102.8123960441911
29.4,21.24652333750468,-102.73081913345692
34.2,21.24652333750468,-102.72602049164902
34.2,21.24652333750468,-102.72122184984113
29.4,21.24652333750468,-102.71642320803323
34.2,21.24652333750468,-102.71162456622534
37.4,21.24652333750468,-102.35652507244122
29.4,21.241899260615508,-103.39783034475414
34.2,21.241899260615508,-102.73081913345692
34.2,21.241899260615508,-102.37571963967278
37.4,21.241899260615508,-102.36612235605699
29.4,21.23727518372634,-102.79800011876743
34.2,21.23265110683717,-102.38051828148068
29.4,21.228027029948002,-103.40262898656204
34.2,21.228027029948002,-102.39011556509647
34.2,21.223402953058834,-102.47169247583065
34.2,21.223402953058834,-102.46689383402277
34.2,21.223402953058834,-102.45729655040698
34.2,21.223402953058834,-102.42370605775172
34.2,21.223402953058834,-102.41410877413594
29.4,21.218778876169665,-103.41222627017783
29.4,21.218778876169665,-102.78840283515164
29.4,21.218778876169665,-102.78360419334375
29.4,21.218778876169665,-102.77880555153585
29.4,21.218778876169665,-102.6732354317622
34.2,21.218778876169665,-102.42370605775172
34.2,21.218778876169665,-102.41890741594382
34.2,21.218778876169665,-102.40931013232805
29.4,21.214154799280497,-103.41222627017783
29.4,21.214154799280497,-103.40262898656204
29.4,21.214154799280497,-102.79320147695954
29.4,21.214154799280497,-102.78360419334375
29.4,21.214154799280497,-102.77880555153585
34.2,21.214154799280497,-102.40931013232805
34.2,21.214154799280497,-102.40451149052015
22.6,21.209530722391328,-103.39783034475414
29.4,21.209530722391328,-102.79320147695954
29.4,21.209530722391328,-102.78360419334375
34.2,21.209530722391328,-102.77880555153585
29.4,21.209530722391328,-102.77400690972796
29.4,21.209530722391328,-102.6636381481464
29.4,21.209530722391328,-102.65883950633851
34.2,21.209530722391328,-102.64924222272272
37.4,21.209530722391328,-102.42370605775172
34.2,21.209530722391328,-102.41890741594382
29.4,21.20490664550216,-102.79800011876743
29.4,21.20490664550216,-102.78360419334375
29.4,21.20490664550216,-102.77880555153585
34.2,21.20490664550216,-102.65883950633851
34.2,21.20490664550216,-102.65404086453061
34.2,21.20490664550216,-102.64444358091482
34.2,21.20490664550216,-102.4333033413675
34.2,21.20490664550216,-102.42850469955961
34.2,21.20490664550216,-102.41890741594382
29.4,21.20028256861299,-103.40262898656204
29.4,21.20028256861299,-102.78840283515164
34.2,21.20028256861299,-102.78360419334375
29.4,21.20028256861299,-102.64444358091482
34.2,21.20028256861299,-102.45729655040698
34.2,21.20028256861299,-102.45249790859909
34.2,21.20028256861299,-102.4381019831754
29.4,21.19565849172382,-103.40262898656204
29.4,21.19565849172382,-102.84598653684637
34.2,21.19565849172382,-102.4429006249833
29.4,21.19103441483465,-103.41222627017783
29.4,21.19103441483465,-102.84118789503847
29.4,21.19103441483465,-102.8219933278069
29.4,21.19103441483465,-102.8123960441911
34.2,21.19103441483465,-102.45729655040698
34.2,21.19103441483465,-102.45249790859909
34.2,21.186410337945482,-102.82679196961479
34.2,21.186410337945482,-102.8219933278069
29.4,21.186410337945482,-102.817194685999
34.2,21.186410337945482,-102.80759740238321
29.4,21.186410337945482,-102.80279876057533
34.2,21.186410337945482,-102.46689383402277
34.2,21.186410337945482,-102.46209519221487
34.2,21.181786261056313,-102.86038246227004
29.4,21.181786261056313,-102.85078517865426
29.4,21.181786261056313,-102.83159061142268
34.2,21.181786261056313,-102.82679196961479
34.2,21.181786261056313,-102.8219933278069
34.2,21.181786261056313,-102.817194685999
34.2,21.181786261056313,-102.8123960441911
34.2,21.181786261056313,-102.80759740238321
34.2,21.181786261056313,-102.80279876057533
34.2,21.181786261056313,-102.50048432667802
34.2,21.181786261056313,-102.49568568487012
34.2,21.181786261056313,-102.47169247583065
34.2,21.181786261056313,-102.46689383402277
34.2,21.181786261056313,-102.46209519221487
22.6,21.177162184167145,-103.40262898656204
29.4,21.177162184167145,-102.86518110407793
29.4,21.177162184167145,-102.83638925323058
29.4,21.177162184167145,-102.83159061142268
34.2,21.177162184167145,-102.82679196961479
37.4,21.177162184167145,-102.8219933278069
37.4,21.177162184167145,-102.817194685999
34.2,21.177162184167145,-102.8123960441911
34.2,21.177162184167145,-102.80759740238321
34.2,21.177162184167145,-102.80279876057533
29.4,21.177162184167145,-102.79800011876743
34.2,21.177162184167145,-102.48128975944644
34.2,21.177162184167145,-102.47649111763855
29.4,21.172538107277976,-102.86997974588583
34.2,21.172538107277976,-102.83638925323058
34.2,21.172538107277976,-102.83159061142268
34.2,21.172538107277976,-102.82679196961479
37.4,21.172538107277976,-102.8219933278069
34.2,21.172538107277976,-102.817194685999
34.2,21.172538107277976,-102.8123960441911
34.2,21.172538107277976,-102.80759740238321
29.4,21.172538107277976,-102.80279876057533
34.2,21.172538107277976,-102.5148802521017
34.2,21.172538107277976,-102.49088704306223
34.2,21.172538107277976,-102.48608840125434
34.2,21.167914030388808,-102.87477838769372
29.4,21.167914030388808,-102.84118789503847
29.4,21.167914030388808,-102.83638925323058
34.2,21.167914030388808,-102.83159061142268
34.2,21.167914030388808,-102.82679196961479
34.2,21.167914030388808,-102.8219933278069
37.4,21.167914030388808,-102.817194685999
34.2,21.167914030388808,-102.8123960441911
29.4,21.167914030388808,-102.80759740238321
34.2,21.167914030388808,-102.5244775357175
34.2,21.167914030388808,-102.50048432667802
34.2,21.167914030388808,-102.49568568487012
22.6,21.16328995349964,-103.40742762836993
29.4,21.16328995349964,-102.87957702950162
29.4,21.16328995349964,-102.85558382046216
29.4,21.16328995349964,-102.84598653684637
29.4,21.16328995349964,-102.83638925323058
29.4,21.16328995349964,-102.83159061142268
34.2,21.16328995349964,-102.82679196961479
34.2,21.16328995349964,-102.8219933278069
34.2,21.16328995349964,-102.817194685999
34.2,21.16328995349964,-102.8123960441911
34.2,21.16328995349964,-102.52927617752538
34.2,21.16328995349964,-102.50528296848591
22.6,21.15866587661047,-103.40742762836993
29.4,21.15866587661047,-102.88437567130951
29.4,21.15866587661047,-102.84118789503847
34.2,21.15866587661047,-102.83638925323058
34.2,21.15866587661047,-102.83159061142268
34.2,21.15866587661047,-102.82679196961479
29.4,21.15866587661047,-102.8219933278069
29.4,21.15866587661047,-102.817194685999
34.2,21.15866587661047,-102.5148802521017
34.2,21.15866587661047,-102.51008161029381
29.4,21.1540417997213,-103.40742762836993
22.6,21.1540417997213,-103.40262898656204
29.4,21.1540417997213,-102.88917431311741
29.4,21.1540417997213,-102.85558382046216
29.4,21.1540417997213,-102.85078517865426
29.4,21.1540417997213,-102.84598653684637
29.4,21.1540417997213,-102.84118789503847
29.4,21.1540417997213,-102.83638925323058
34.2,21.1540417997213,-102.83159061142268
29.4,21.1540417997213,-102.82679196961479
29.4,21.1540417997213,-102.8219933278069
29.4,21.1540417997213,-102.817194685999
34.2,21.1540417997213,-102.5244775357175
37.4,21.1540417997213,-102.5196788939096
22.6,21.14941772283213,-103.40742762836993
29.4,21.14941772283213,-102.85558382046216
29.4,21.14941772283213,-102.85078517865426
34.2,21.14941772283213,-102.84598653684637
29.4,21.14941772283213,-102.84118789503847
29.4,21.14941772283213,-102.83638925323058
29.4,21.14941772283213,-102.83159061142268
29.4,21.14941772283213,-102.82679196961479
34.2,21.14941772283213,-102.52927617752538
29.4,21.14479364594296,-103.40742762836993
34.2,21.14479364594296,-102.8987715967332
34.2,21.14479364594296,-102.86038246227004
34.2,21.14479364594296,-102.85558382046216
34.2,21.14479364594296,-102.85078517865426
34.2,21.14479364594296,-102.84598653684637
34.2,21.14479364594296,-102.84118789503847
29.4,21.14479364594296,-102.83638925323058
29.4,21.14479364594296,-102.83159061142268
29.4,21.14479364594296,-102.82679196961479
29.4,21.14479364594296,-102.817194685999
22.6,21.140169569053793,-103.40262898656204
34.2,21.140169569053793,-102.90357023854109
29.4,21.140169569053793,-102.86038246227004
34.2,21.140169569053793,-102.85558382046216
34.2,21.140169569053793,-102.85078517865426
34.2,21.140169569053793,-102.84598653684637
29.4,21.140169569053793,-102.84118789503847
34.2,21.140169569053793,-102.83638925323058
29.4,21.140169569053793,-102.83159061142268
29.4,21.140169569053793,-102.82679196961479
34.2,21.140169569053793,-102.54367210294906
29.4,21.135545492164624,-102.90836888034899
29.4,21.135545492164624,-102.86038246227004
34.2,21.135545492164624,-102.85558382046216
34.2,21.135545492164624,-102.85078517865426
34.2,21.135545492164624,-102.84598653684637
34.2,21.135545492164624,-102.84118789503847
29.4,21.135545492164624,-102.83638925323058
29.4,21.135545492164624,-102.82679196961479
29.4,21.135545492164624,-102.8219933278069
29.4,21.135545492164624,-102.817194685999
29.4,21.135545492164624,-102.55806802837274
29.4,21.130921415275456,-103.40742762836993
29.4,21.130921415275456,-102.91316752215688
29.4,21.130921415275456,-102.86038246227004
34.2,21.130921415275456,-102.85558382046216
34.2,21.130921415275456,-102.85078517865426
34.2,21.130921415275456,-102.84598653684637
34.2,21.130921415275456,-102.84118789503847
34.2,21.130921415275456,-102.83638925323058
29.4,21.130921415275456,-102.83159061142268
29.4,21.130921415275456,-102.82679196961479
29.4,21.130921415275456,-102.8219933278069
29.4,21.130921415275456,-102.817194685999
34.2,21.130921415275456,-102.62524901368326
34.2,21.130921415275456,-102.56286667018064
22.6,21.126297338386287,-103.40742762836993
22.6,21.126297338386287,-103.40262898656204
29.4,21.126297338386287,-102.91796616396476
29.4,21.126297338386287,-102.85558382046216
29.4,21.126297338386287,-102.85078517865426
34.2,21.126297338386287,-102.84598653684637
34.2,21.126297338386287,-102.84118789503847
29.4,21.126297338386287,-102.83638925323058
29.4,21.126297338386287,-102.8219933278069
34.2,21.126297338386287,-102.57246395379643
34.2,21.126297338386287,-102.56766531198853
22.6,21.12167326149712,-103.40742762836993
29.4,21.12167326149712,-102.92276480577266
29.4,21.12167326149712,-102.85558382046216
29.4,21.12167326149712,-102.85078517865426
34.2,21.12167326149712,-102.84598653684637
29.4,21.12167326149712,-102.84118789503847
29.4,21.12167326149712,-102.83638925323058
29.4,21.12167326149712,-102.8123960441911
29.4,21.12167326149712,-102.57726259560432
29.4,21.11704918460795,-102.92756344758055
29.4,21.11704918460795,-102.85558382046216
34.2,21.11704918460795,-102.591658521028
34.2,21.11704918460795,-102.5868598792201
22.6,21.11242510771878,-103.40742762836993
22.6,21.11242510771878,-103.40262898656204
29.4,21.11242510771878,-102.93236208938845
22.6,21.10780103082961,-103.40742762836993
34.2,21.10780103082961,-102.93716073119634
34.2,21.10780103082961,-102.60605444645168
29.4,21.10317695394044,-102.94195937300424
34.2,21.10317695394044,-102.61565173006747
22.6,21.098552877051272,-103.40742762836993
34.2,21.098552877051272,-102.62524901368326
29.4,21.098552877051272,-102.62045037187536
34.2,21.098552877051272,-102.12139162385442
34.2,21.093928800162104,-102.63004765549115
29.4,21.093928800162104,-102.62524901368326
29.4,21.093928800162104,-102.62045037187536
29.4,21.093928800162104,-102.60605444645168
34.2,21.093928800162104,-102.15498211650967
34.2,21.089304723272935,-102.63964493910693
34.2,21.089304723272935,-102.15498211650967
29.4,21.084680646383767,-103.40742762836993
29.4,21.084680646383767,-102.63964493910693
34.2,21.080056569494598,-102.65404086453061
34.2,21.080056569494598,-102.64924222272272
22.6,21.07543249260543,-103.40742762836993
29.4,21.07543249260543,-102.6636381481464
29.4,21.07080841571626,-103.40742762836993
29.4,21.07080841571626,-103.39783034475414
34.2,21.07080841571626,-102.6684367899543
37.4,21.07080841571626,-102.17897532554915
22.6,21.06618433882709,-103.40742762836993
22.6,21.06618433882709,-103.39783034475414
34.2,21.06618433882709,-102.2029685345886
34.2,21.06618433882709,-102.19816989278071
22.6,21.06156026193792,-103.39783034475414
29.4,21.06156026193792,-102.68283271537798
34.2,21.06156026193792,-102.2077671763965
22.6,21.05693618504875,-103.40262898656204
29.4,21.05693618504875,-103.39783034475414
22.6,21.05693618504875,-103.39303170294625
29.4,21.05693618504875,-102.69242999899377
34.2,21.05693618504875,-102.22216310182019
34.2,21.05693618504875,-102.04941199673601
34.2,21.052312108159583,-102.24135766905177
34.2,21.052312108159583,-102.2077671763965
22.6,21.047688031270415,-103.40262898656204
22.6,21.047688031270415,-103.39783034475414
29.4,21.047688031270415,-102.71642320803323
29.4,21.047688031270415,-102.71162456622534
34.2,21.047688031270415,-102.26535087809123
34.2,21.047688031270415,-102.25095495266754
29.4,21.043063954381246,-103.40262898656204
29.4,21.043063954381246,-103.39783034475414
29.4,21.043063954381246,-102.71642320803323
34.2,21.043063954381246,-102.57246395379643
29.4,21.043063954381246,-102.56766531198853
34.2,21.043063954381246,-102.33733050520964
22.6,21.038439877492078,-103.40262898656204
29.4,21.038439877492078,-103.39783034475414
29.4,21.038439877492078,-102.72602049164902
34.2,21.038439877492078,-102.30374001255439
34.2,21.038439877492078,-102.29894137074649
34.2,21.038439877492078,-102.2941427289386
34.2,21.038439877492078,-102.27974680351491
29.4,21.03381580060291,-103.40262898656204
29.4,21.03381580060291,-103.39783034475414
22.6,21.03381580060291,-103.02353628373844
22.6,21.03381580060291,-102.99954307469896
34.2,21.03381580060291,-102.74041641707271
34.2,21.03381580060291,-102.73561777526481
34.2,21.03381580060291,-102.30374001255439
34.2,21.03381580060291,-102.29894137074649
22.6,21.02919172371374,-103.39783034475414
29.4,21.02919172371374,-102.7452150588806
22.6,21.024567646824572,-103.40262898656204
29.4,21.024567646824572,-103.39783034475414
29.4,21.024567646824572,-102.80759740238321
29.4,21.024567646824572,-102.75481234249638
29.4,21.024567646824572,-102.7500137006885
34.2,21.024567646824572,-102.39011556509647
29.4,21.0199435699354,-102.85558382046216
34.2,21.0199435699354,-102.85078517865426
29.4,21.0199435699354,-102.84598653684637
29.4,21.0199435699354,-102.75961098430427
29.4,21.0199435699354,-102.75481234249638
34.2,21.0199435699354,-102.34212914701753
34.2,21.0199435699354,-102.33733050520964
22.6,21.01531949304623,-103.40262898656204
22.6,21.01531949304623,-103.39783034475414
22.6,21.01531949304623,-103.04273085097
29.4,21.01531949304623,-102.85558382046216
29.4,21.01531949304623,-102.85078517865426
34.2,21.01531949304623,-102.84598653684637
29.4,21.01531949304623,-102.84118789503847
29.4,21.01531949304623,-102.77400690972796
34.2,21.01531949304623,-102.76920826792006
34.2,21.01531949304623,-102.35652507244122
22.6,21.010695416157063,-103.40262898656204
29.4,21.010695416157063,-102.85558382046216
29.4,21.010695416157063,-102.85078517865426
34.2,21.010695416157063,-102.84598653684637
29.4,21.010695416157063,-102.84118789503847
29.4,21.010695416157063,-102.83638925323058
34.2,21.010695416157063,-102.77880555153585
34.2,21.010695416157063,-102.36612235605699
34.2,21.010695416157063,-102.3613237142491
22.6,21.006071339267894,-103.39783034475414
18.9,21.006071339267894,-103.39303170294625
22.6,21.006071339267894,-103.05232813458579
29.4,21.006071339267894,-102.85558382046216
29.4,21.006071339267894,-102.85078517865426
29.4,21.006071339267894,-102.84598653684637
29.4,21.006071339267894,-102.84118789503847
29.4,21.006071339267894,-102.83159061142268
29.4,21.006071339267894,-102.78840283515164
22.6,21.001447262378726,-103.40262898656204
22.6,21.001447262378726,-103.39303170294625
29.4,21.001447262378726,-102.86518110407793
34.2,21.001447262378726,-102.86038246227004
34.2,21.001447262378726,-102.79800011876743
34.2,21.001447262378726,-102.40931013232805
22.6,20.996823185489557,-103.39783034475414
22.6,20.996823185489557,-103.1243077617042
29.4,20.996823185489557,-102.86518110407793
29.4,20.996823185489557,-102.86038246227004
34.2,20.996823185489557,-102.85558382046216
29.4,20.996823185489557,-102.85078517865426
29.4,20.996823185489557,-102.80759740238321
34.2,20.996823185489557,-102.80279876057533
29.4,20.996823185489557,-102.47649111763855
34.2,20.996823185489557,-102.42370605775172
34.2,20.996823185489557,-102.41890741594382
22.6,20.99219910860039,-103.40262898656204
22.6,20.99219910860039,-103.39783034475414
29.4,20.99219910860039,-102.86038246227004
34.2,20.99219910860039,-102.85558382046216
29.4,20.99219910860039,-102.85078517865426
29.4,20.99219910860039,-102.82679196961479
22.6,20.98757503171122,-103.40262898656204
22.6,20.98757503171122,-103.39783034475414
29.4,20.98757503171122,-102.85558382046216
29.4,20.98757503171122,-102.83159061142268
29.4,20.98295095482205,-103.40262898656204
29.4,20.98295095482205,-103.39783034475414
22.6,20.98295095482205,-103.39303170294625
18.9,20.97832687793288,-103.40262898656204
29.4,20.97832687793288,-102.85078517865426
29.4,20.97832687793288,-102.84118789503847
29.4,20.97832687793288,-102.83638925323058
29.4,20.97832687793288,-102.47169247583065
22.6,20.97370280104371,-103.40262898656204
22.6,20.97370280104371,-103.39783034475414
29.4,20.97370280104371,-102.85558382046216
29.4,20.97370280104371,-102.48128975944644
22.6,20.969078724154542,-103.39783034475414
22.6,20.969078724154542,-103.39303170294625
29.4,20.969078724154542,-102.86518110407793
29.4,20.969078724154542,-102.49088704306223
22.6,20.964454647265374,-103.40262898656204
22.6,20.964454647265374,-103.39783034475414
22.6,20.964454647265374,-103.39303170294625
29.4,20.964454647265374,-102.87477838769372
29.4,20.964454647265374,-102.5196788939096
22.6,20.959830570376205,-103.39303170294625
29.4,20.959830570376205,-102.88437567130951
18.9,20.955206493487037,-103.40262898656204
22.6,20.955206493487037,-103.10511319447262
22.6,20.955206493487037,-103.08591862724104
22.6,20.955206493487037,-102.91796616396476
34.2,20.955206493487037,-102.88917431311741
29.4,20.955206493487037,-102.87957702950162
29.4,20.955206493487037,-102.54847074475695
34.2,20.955206493487037,-102.54367210294906
22.6,20.950582416597868,-103.09071726904894
34.2,20.950582416597868,-102.55326938656485
34.2,20.950582416597868,-102.54847074475695
34.2,20.950582416597868,-102.3613237142491
18.9,20.9459583397087,-103.39783034475414
22.6,20.94133426281953,-103.39783034475414
29.4,20.94133426281953,-102.91316752215688
18.9,20.93671018593036,-103.39783034475414
22.6,20.93671018593036,-103.1243077617042
22.6,20.93671018593036,-102.92276480577266
22.6,20.93208610904119,-102.93236208938845
29.4,20.93208610904119,-102.61565173006747
18.9,20.92746203215202,-103.39783034475414
18.9,20.922837955262853,-103.39783034475414
18.9,20.913589801484516,-103.39783034475414
22.6,20.913589801484516,-103.39303170294625
29.4,20.913589801484516,-102.51008161029381
18.9,20.908965724595348,-103.39783034475414
29.4,20.908965724595348,-103.39303170294625
29.4,20.908965724595348,-102.97075122385161
22.6,20.908965724595348,-102.96595258204371
18.9,20.90434164770618,-103.39303170294625
18.9,20.90434164770618,-103.38823306113835
29.4,20.90434164770618,-102.54367210294906
22.6,20.89971757081701,-103.39303170294625
22.6,20.89971757081701,-103.38823306113835
18.9,20.89971757081701,-103.38343441933046
22.6,20.89971757081701,-103.37863577752256
22.6,20.895093493927842,-103.39303170294625
18.9,20.895093493927842,-103.37863577752256
22.6,20.89046941703867,-103.39303170294625
29.4,20.89046941703867,-102.591658521028
18.9,20.8858453401495,-103.39783034475414
18.9,20.8858453401495,-103.39303170294625
22.6,20.8858453401495,-102.90836888034899
29.4,20.881221263260333,-102.7500137006885
22.6,20.876597186371164,-102.92756344758055
18.9,20.871973109481996,-103.19148874701472
22.6,20.871973109481996,-103.18669010520682
18.9,20.871973109481996,-103.18189146339893
18.9,20.871973109481996,-103.17709282159103
18.9,20.867349032592827,-103.39303170294625
22.6,20.867349032592827,-103.19148874701472
22.6,20.867349032592827,-103.18669010520682
22.6,20.867349032592827,-103.03313356735421
18.9,20.86272495570366,-103.39303170294625
22.6,20.86272495570366,-103.1962873888226
22.6,20.86272495570366,-103.19148874701472
22.6,20.86272495570366,-103.18669010520682
22.6,20.85810087881449,-103.20108603063049
29.4,20.85810087881449,-103.1962873888226
29.4,20.85810087881449,-103.19148874701472
29.4,20.85810087881449,-103.18669010520682
18.9,20.85810087881449,-103.18189146339893
29.4,20.85347680192532,-103.20588467243839
34.2,20.85347680192532,-103.20108603063049
29.4,20.85347680192532,-103.1962873888226
37.4,20.85347680192532,-103.19148874701472
34.2,20.85347680192532,-103.18669010520682
22.6,20.85347680192532,-103.18189146339893
22.6,20.85347680192532,-102.98034850746738
18.9,20.848852725036153,-103.21068331424628
34.2,20.848852725036153,-103.20588467243839
37.4,20.848852725036153,-103.20108603063049
34.2,20.848852725036153,-103.1962873888226
37.4,20.848852725036153,-103.19148874701472
34.2,20.848852725036153,-103.18669010520682
29.4,20.848852725036153,-102.77400690972796
34.2,20.848852725036153,-102.49568568487012
18.9,20.84422864814698,-103.21548195605418
29.4,20.84422864814698,-103.21068331424628
34.2,20.84422864814698,-103.20588467243839
42.5,20.84422864814698,-103.20108603063049
34.2,20.84422864814698,-103.1962873888226
18.9,20.839604571257812,-103.39303170294625
18.9,20.839604571257812,-103.21548195605418
29.4,20.839604571257812,-103.21068331424628
37.4,20.839604571257812,-103.20588467243839
34.2,20.839604571257812,-103.20108603063049
22.6,20.839604571257812,-103.1962873888226
13.8,20.834980494368644,-103.39303170294625
22.6,20.834980494368644,-103.20108603063049
29.4,20.834980494368644,-102.55806802837274
29.4,20.830356417479475,-102.58206123741222
29.4,20.825732340590307,-103.89688909277508
18.9,20.825732340590307,-103.23467652328576
22.6,20.825732340590307,-103.22987788147786
22.6,20.825732340590307,-103.22507923966997
29.4,20.821108263701138,-103.8824931673514
18.9,20.821108263701138,-103.23947516509365
18.9,20.821108263701138,-103.23467652328576
29.4,20.821108263701138,-103.22987788147786
34.2,20.821108263701138,-103.22507923966997
22.6,20.821108263701138,-103.22028059786207
29.4,20.81648418681197,-103.8776945255435
13.8,20.81648418681197,-103.24427380690155
18.9,20.81648418681197,-103.23947516509365
29.4,20.81648418681197,-103.23467652328576
18.9,20.81648418681197,-103.22987788147786
29.4,20.81648418681197,-103.22507923966997
22.6,20.81648418681197,-103.22028059786207
22.6,20.81648418681197,-102.95635529842792
22.6,20.81648418681197,-102.95155665662003
18.9,20.8118601099228,-103.23947516509365
22.6,20.8118601099228,-103.23467652328576
29.4,20.8118601099228,-103.22987788147786
29.4,20.8118601099228,-103.22507923966997
34.2,20.8118601099228,-103.22028059786207
22.6,20.8118601099228,-102.96595258204371
29.4,20.807236033033632,-103.23467652328576
34.2,20.807236033033632,-103.22987788147786
34.2,20.807236033033632,-103.22507923966997
22.6,20.807236033033632,-103.22028059786207
13.8,20.80261195614446,-103.25866973232522
29.4,20.80261195614446,-103.23467652328576
42.5,20.80261195614446,-103.22987788147786
34.2,20.80261195614446,-103.22507923966997
29.4,20.80261195614446,-103.22028059786207
18.9,20.80261195614446,-103.21548195605418
22.6,20.80261195614446,-103.20588467243839
13.8,20.79798787925529,-103.24907244870943
13.8,20.79798787925529,-103.23947516509365
18.9,20.79798787925529,-103.23467652328576
22.6,20.79798787925529,-103.22987788147786
29.4,20.79798787925529,-103.22507923966997
29.4,20.79798787925529,-103.22028059786207
22.6,20.79798787925529,-103.21548195605418
22.6,20.79798787925529,-103.21068331424628
29.4,20.79798787925529,-103.20588467243839
18.9,20.79798787925529,-103.20108603063049
22.6,20.793363802366123,-103.268267015941
18.9,20.793363802366123,-103.26346837413311
18.9,20.793363802366123,-103.25387109051732
18.9,20.793363802366123,-103.23467652328576
22.6,20.793363802366123,-103.22987788147786
22.6,20.793363802366123,-103.22507923966997
22.6,20.793363802366123,-103.22028059786207
29.4,20.793363802366123,-103.21548195605418
29.4,20.793363802366123,-103.21068331424628
29.4,20.793363802366123,-103.20588467243839
22.6,20.793363802366123,-103.20108603063049
18.9,20.788739725476955,-103.2730656577489
29.4,20.788739725476955,-103.268267015941
18.9,20.788739725476955,-103.26346837413311
13.8,20.788739725476955,-103.25866973232522
18.9,20.788739725476955,-103.24427380690155
22.6,20.788739725476955,-103.23947516509365
22.6,20.788739725476955,-103.23467652328576
18.9,20.788739725476955,-103.22987788147786
22.6,20.788739725476955,-103.22507923966997
29.4,20.788739725476955,-103.22028059786207
34.2,20.788739725476955,-103.21548195605418
34.2,20.788739725476955,-103.21068331424628
22.6,20.788739725476955,-103.20588467243839
22.6,20.788739725476955,-103.03793220916211
22.6,20.784115648587786,-103.2778642995568
22.6,20.784115648587786,-103.2730656577489
22.6,20.784115648587786,-103.268267015941
22.6,20.784115648587786,-103.26346837413311
18.9,20.784115648587786,-103.25866973232522
13.8,20.784115648587786,-103.23947516509365
22.6,20.784115648587786,-103.22987788147786
18.9,20.784115648587786,-103.22507923966997
22.6,20.784115648587786,-103.22028059786207
34.2,20.784115648587786,-103.21548195605418
37.4,20.784115648587786,-103.21068331424628
22.6,20.784115648587786,-103.20588467243839
13.8,20.779491571698617,-103.32585071763573
18.9,20.779491571698617,-103.2778642995568
34.2,20.779491571698617,-103.2730656577489
22.6,20.779491571698617,-103.268267015941
22.6,20.779491571698617,-103.26346837413311
22.6,20.779491571698617,-103.25866973232522
18.9,20.779491571698617,-103.1962873888226
13.8,20.77486749480945,-103.32585071763573
13.8,20.77486749480945,-103.2778642995568
34.2,20.77486749480945,-103.2730656577489
34.2,20.77486749480945,-103.268267015941
34.2,20.77486749480945,-103.26346837413311
34.2,20.77486749480945,-103.25866973232522
13.8,20.77024341792028,-103.33064935944363
13.8,20.77024341792028,-103.32585071763573
18.9,20.77024341792028,-103.2778642995568
22.6,20.77024341792028,-103.2730656577489
22.6,20.77024341792028,-103.268267015941
29.4,20.77024341792028,-103.26346837413311
29.4,20.77024341792028,-103.25866973232522
18.9,20.77024341792028,-103.25387109051732
13.8,20.77024341792028,-103.24907244870943
13.8,20.765619341031112,-103.2730656577489
18.9,20.765619341031112,-103.268267015941
29.4,20.765619341031112,-103.26346837413311
29.4,20.765619341031112,-103.25866973232522
22.6,20.765619341031112,-103.25387109051732
13.8,20.765619341031112,-103.24907244870943
13.8,20.76099526414194,-103.3498439266752
10.2,20.76099526414194,-103.34024664305942
13.8,20.76099526414194,-103.28266294136469
13.8,20.76099526414194,-103.2730656577489
29.4,20.76099526414194,-103.268267015941
29.4,20.76099526414194,-103.26346837413311
18.9,20.76099526414194,-103.25866973232522
22.6,20.76099526414194,-103.25387109051732
13.8,20.76099526414194,-103.24907244870943
22.6,20.76099526414194,-103.24427380690155
22.6,20.76099526414194,-103.23947516509365
18.9,20.76099526414194,-103.23467652328576
13.8,20.75637118725277,-103.3498439266752
18.9,20.75637118725277,-103.2778642995568
22.6,20.75637118725277,-103.2730656577489
18.9,20.75637118725277,-103.268267015941
22.6,20.75637118725277,-103.26346837413311
22.6,20.75637118725277,-103.25866973232522
29.4,20.75637118725277,-103.25387109051732
29.4,20.75637118725277,-103.24907244870943
22.6,20.75637118725277,-103.24427380690155
34.2,20.75637118725277,-103.23947516509365
29.4,20.75637118725277,-103.23467652328576
18.9,20.75637118725277,-103.22987788147786
10.2,20.751747110363603,-103.38823306113835
10.2,20.751747110363603,-103.35944121029098
13.8,20.751747110363603,-103.3546425684831
22.6,20.751747110363603,-103.34504528486731
13.8,20.751747110363603,-103.34024664305942
13.8,20.751747110363603,-103.28266294136469
18.9,20.751747110363603,-103.2778642995568
18.9,20.751747110363603,-103.2730656577489
13.8,20.751747110363603,-103.268267015941
18.9,20.751747110363603,-103.26346837413311
18.9,20.751747110363603,-103.25866973232522
18.9,20.751747110363603,-103.25387109051732
18.9,20.751747110363603,-103.24907244870943
22.6,20.751747110363603,-103.24427380690155
22.6,20.751747110363603,-103.23947516509365
34.2,20.751747110363603,-103.23467652328576
22.6,20.751747110363603,-103.22987788147786
-7.3,20.747123033474434,-103.38823306113835
22.6,20.747123033474434,-103.3546425684831
13.8,20.747123033474434,-103.3498439266752
18.9,20.747123033474434,-103.34504528486731
13.8,20.747123033474434,-103.2778642995568
18.9,20.747123033474434,-103.2730656577489
13.8,20.747123033474434,-103.26346837413311
13.8,20.747123033474434,-103.25866973232522
13.8,20.747123033474434,-103.25387109051732
18.9,20.747123033474434,-103.24427380690155
13.8,20.742498956585266,-103.35944121029098
13.8,20.742498956585266,-103.3546425684831
29.4,20.742498956585266,-103.3498439266752
18.9,20.742498956585266,-103.34504528486731
13.8,20.737874879696097,-103.38823306113835
13.8,20.737874879696097,-103.35944121029098
18.9,20.737874879696097,-103.3546425684831
29.4,20.737874879696097,-103.3498439266752
13.8,20.73325080280693,-103.36423985209888
29.4,20.73325080280693,-103.3546425684831
10.2,20.73325080280693,-103.3498439266752
-7.3,20.72862672591776,-103.38823306113835
10.2,20.72862672591776,-103.36423985209888
13.8,20.72862672591776,-103.35944121029098
37.4,20.72862672591776,-103.3546425684831
10.2,20.72862672591776,-103.3498439266752
-7.3,20.72862672591776,-103.33064935944363
18.9,20.72862672591776,-103.1195091198963
-7.3,20.72400264902859,-103.44581676283308
-7.3,20.72400264902859,-103.44101812102518
-7.3,20.72400264902859,-103.39783034475414
18.9,20.72400264902859,-103.39303170294625
10.2,20.72400264902859,-103.38823306113835
13.8,20.72400264902859,-103.36903849390677
10.2,20.72400264902859,-103.36423985209888
29.4,20.72400264902859,-103.35944121029098
34.2,20.72400264902859,-103.3546425684831
13.8,20.72400264902859,-103.3498439266752
-7.3,20.72400264902859,-103.34504528486731
-7.3,20.72400264902859,-103.34024664305942
22.6,20.72400264902859,-103.33544800125152
29.4,20.72400264902859,-103.33064935944363
-7.3,20.72400264902859,-103.32585071763573
13.8,20.72400264902859,-103.29705886678838
13.8,20.71937857213942,-103.43621947921729
22.6,20.71937857213942,-103.39303170294625
-7.3,20.71937857213942,-103.36903849390677
18.9,20.71937857213942,-103.36423985209888
42.5,20.71937857213942,-103.35944121029098
13.8,20.71937857213942,-103.3546425684831
10.2,20.71937857213942,-103.3498439266752
13.8,20.71937857213942,-103.34504528486731
29.4,20.71937857213942,-103.34024664305942
34.2,20.71937857213942,-103.33544800125152
34.2,20.71937857213942,-103.33064935944363
18.9,20.71937857213942,-103.32585071763573
13.8,20.71937857213942,-103.30665615040415
13.8,20.71475449525025,-103.43142083740939
18.9,20.71475449525025,-103.39303170294625
10.2,20.71475449525025,-103.38343441933046
13.8,20.71475449525025,-103.37863577752256
-7.3,20.71475449525025,-103.37383713571467
-7.3,20.71475449525025,-103.36903849390677
18.9,20.71475449525025,-103.36423985209888
29.4,20.71475449525025,-103.35944121029098
13.8,20.71475449525025,-103.3546425684831
13.8,20.71475449525025,-103.3498439266752
34.2,20.71475449525025,-103.34504528486731
29.4,20.71475449525025,-103.34024664305942
29.4,20.71475449525025,-103.33544800125152
37.4,20.71475449525025,-103.33064935944363
18.9,20.71475449525025,-103.32585071763573
42.5,20.71475449525025,-103.32105207582784
18.9,20.71475449525025,-103.31625343401994
13.8,20.71475449525025,-103.25866973232522
22.6,20.710130418361082,-103.4266221956015
13.8,20.710130418361082,-103.39303170294625
-7.3,20.710130418361082,-103.38823306113835
-7.3,20.710130418361082,-103.38343441933046
-7.3,20.710130418361082,-103.37863577752256
-7.3,20.710130418361082,-103.37383713571467
18.9,20.710130418361082,-103.36903849390677
37.4,20.710130418361082,-103.36423985209888
10.2,20.710130418361082,-103.35944121029098
18.9,20.710130418361082,-103.3546425684831
37.4,20.710130418361082,-103.3498439266752
42.5,20.710130418361082,-103.34504528486731
42.5,20.710130418361082,-103.34024664305942
42.5,20.710130418361082,-103.33544800125152
47.0,20.710130418361082,-103.33064935944363
29.4,20.710130418361082,-103.32585071763573
37.4,20.710130418361082,-103.32105207582784
-7.3,20.710130418361082,-103.31625343401994
13.8,20.705506341471914,-103.4218235537936
10.2,20.705506341471914,-103.39783034475414
-7.3,20.705506341471914,-103.39303170294625
10.2,20.705506341471914,-103.38823306113835
13.8,20.705506341471914,-103.38343441933046
10.2,20.705506341471914,-103.37863577752256
13.8,20.705506341471914,-103.37383713571467
18.9,20.705506341471914,-103.36903849390677
10.2,20.705506341471914,-103.36423985209888
13.8,20.705506341471914,-103.35944121029098
37.4,20.705506341471914,-103.3546425684831
37.4,20.705506341471914,-103.3498439266752
47.0,20.705506341471914,-103.34504528486731
42.5,20.705506341471914,-103.34024664305942
37.4,20.705506341471914,-103.33544800125152
42.5,20.705506341471914,-103.33064935944363
37.4,20.705506341471914,-103.32585071763573
22.6,20.705506341471914,-103.32105207582784
10.2,20.700882264582745,-103.4170249119857
13.8,20.700882264582745,-103.38823306113835
13.8,20.700882264582745,-103.38343441933046
-7.3,20.700882264582745,-103.37863577752256
13.8,20.700882264582745,-103.37383713571467
-7.3,20.700882264582745,-103.36903849390677
10.2,20.700882264582745,-103.36423985209888
37.4,20.700882264582745,-103.35944121029098
47.0,20.700882264582745,-103.3546425684831
42.5,20.700882264582745,-103.3498439266752
47.0,20.700882264582745,-103.34504528486731
42.5,20.700882264582745,-103.34024664305942
34.2,20.700882264582745,-103.33544800125152
22.6,20.700882264582745,-103.33064935944363
10.2,20.700882264582745,-103.32585071763573
10.2,20.696258187693577,-103.47460861368043
18.9,20.696258187693577,-103.46501133006466
37.4,20.696258187693577,-103.46021268825676
34.2,20.696258187693577,-103.45541404644887
10.2,20.696258187693577,-103.45061540464097
-7.3,20.696258187693577,-103.41222627017783
18.9,20.696258187693577,-103.38823306113835
18.9,20.696258187693577,-103.38343441933046
29.4,20.696258187693577,-103.36423985209888
42.5,20.696258187693577,-103.35944121029098
37.4,20.696258187693577,-103.3546425684831
42.5,20.696258187693577,-103.3498439266752
42.5,20.696258187693577,-103.34504528486731
34.2,20.696258187693577,-103.34024664305942
18.9,20.696258187693577,-103.33544800125152
10.2,20.696258187693577,-103.33064935944363
-7.3,20.696258187693577,-103.32585071763573
10.2,20.691634110804408,-103.46021268825676
-7.3,20.691634110804408,-103.45061540464097
13.8,20.691634110804408,-103.44581676283308
22.6,20.691634110804408,-103.44101812102518
18.9,20.691634110804408,-103.43621947921729
-7.3,20.691634110804408,-103.39303170294625
18.9,20.691634110804408,-103.38343441933046
22.6,20.691634110804408,-103.37863577752256
-7.3,20.691634110804408,-103.37383713571467
-7.3,20.691634110804408,-103.36903849390677
29.4,20.691634110804408,-103.36423985209888
18.9,20.691634110804408,-103.35944121029098
37.4,20.691634110804408,-103.3546425684831
22.6,20.691634110804408,-103.3498439266752
13.8,20.691634110804408,-103.34504528486731
13.8,20.691634110804408,-103.34024664305942
-7.3,20.691634110804408,-103.33544800125152
13.8,20.691634110804408,-103.32105207582784
18.9,20.691634110804408,-103.31625343401994
10.2,20.691634110804408,-103.30665615040415
10.2,20.68701003391524,-103.43621947921729
13.8,20.68701003391524,-103.43142083740939
37.4,20.68701003391524,-103.4266221956015
18.9,20.68701003391524,-103.4218235537936
-7.3,20.68701003391524,-103.39783034475414
-7.3,20.68701003391524,-103.39303170294625
22.6,20.68701003391524,-103.38823306113835
18.9,20.68701003391524,-103.38343441933046
22.6,20.68701003391524,-103.36423985209888
-7.3,20.68701003391524,-103.35944121029098
-7.3,20.68701003391524,-103.3498439266752
-7.3,20.68701003391524,-103.34504528486731
10.2,20.68701003391524,-103.34024664305942
22.6,20.68701003391524,-103.33544800125152
18.9,20.68701003391524,-103.33064935944363
18.9,20.68701003391524,-103.32585071763573
18.9,20.68701003391524,-103.32105207582784
22.6,20.68701003391524,-103.31625343401994
-7.3,20.68238595702607,-103.4218235537936
-7.3,20.68238595702607,-103.4170249119857
18.9,20.68238595702607,-103.41222627017783
10.2,20.68238595702607,-103.40742762836993
-7.3,20.68238595702607,-103.39783034475414
13.8,20.68238595702607,-103.39303170294625
-7.3,20.68238595702607,-103.38823306113835
-7.3,20.68238595702607,-103.37863577752256
-7.3,20.68238595702607,-103.37383713571467
-7.3,20.68238595702607,-103.3498439266752
-7.3,20.68238595702607,-103.34504528486731
-7.3,20.68238595702607,-103.34024664305942
-7.3,20.68238595702607,-103.33544800125152
-7.3,20.677761880136902,-103.43621947921729
-7.3,20.677761880136902,-103.4266221956015
-7.3,20.677761880136902,-103.4218235537936
13.8,20.677761880136902,-103.4170249119857
13.8,20.677761880136902,-103.41222627017783
22.6,20.677761880136902,-103.40742762836993
13.8,20.677761880136902,-103.39783034475414
22.6,20.677761880136902,-103.39303170294625
18.9,20.677761880136902,-103.38823306113835
18.9,20.677761880136902,-103.38343441933046
-7.3,20.677761880136902,-103.37863577752256
18.9,20.677761880136902,-103.37383713571467
-7.3,20.677761880136902,-103.36903849390677
-7.3,20.677761880136902,-103.34024664305942
-7.3,20.673137803247734,-103.41222627017783
29.4,20.673137803247734,-103.40742762836993
13.8,20.673137803247734,-103.40262898656204
-7.3,20.673137803247734,-103.39783034475414
-7.3,20.673137803247734,-103.38823306113835
29.4,20.673137803247734,-103.38343441933046
34.2,20.673137803247734,-103.37863577752256
-7.3,20.673137803247734,-103.37383713571467
-7.3,20.673137803247734,-103.35944121029098
10.2,20.66851372635856,-103.44581676283308
22.6,20.66851372635856,-103.44101812102518
22.6,20.66851372635856,-103.43621947921729
29.4,20.66851372635856,-103.43142083740939
37.4,20.66851372635856,-103.4266221956015
29.4,20.66851372635856,-103.4218235537936
-7.3,20.66851372635856,-103.4170249119857
10.2,20.66851372635856,-103.41222627017783
-7.3,20.66851372635856,-103.40742762836993
-7.3,20.66851372635856,-103.40262898656204
-7.3,20.66851372635856,-103.39783034475414
10.2,20.66851372635856,-103.39303170294625
37.4,20.66851372635856,-103.38823306113835
37.4,20.66851372635856,-103.38343441933046
37.4,20.66851372635856,-103.37863577752256
37.4,20.66851372635856,-103.37383713571467
18.9,20.66851372635856,-103.36903849390677
22.6,20.66851372635856,-103.36423985209888
10.2,20.66851372635856,-103.35944121029098
-7.3,20.66851372635856,-103.3546425684831
13.8,20.663889649469393,-103.46501133006466
18.9,20.663889649469393,-103.46021268825676
29.4,20.663889649469393,-103.45541404644887
42.5,20.663889649469393,-103.45061540464097
37.4,20.663889649469393,-103.44581676283308
22.6,20.663889649469393,-103.44101812102518
13.8,20.663889649469393,-103.43621947921729
10.2,20.663889649469393,-103.4218235537936
-7.3,20.663889649469393,-103.4170249119857
-7.3,20.663889649469393,-103.41222627017783
13.8,20.663889649469393,-103.40742762836993
13.8,20.663889649469393,-103.39783034475414
42.5,20.663889649469393,-103.39303170294625
37.4,20.663889649469393,-103.38823306113835
37.4,20.663889649469393,-103.38343441933046
42.5,20.663889649469393,-103.37863577752256
34.2,20.663889649469393,-103.37383713571467
-7.3,20.663889649469393,-103.36903849390677
22.6,20.663889649469393,-103.36423985209888
18.9,20.663889649469393,-103.35944121029098
22.6,20.659265572580225,-103.47460861368043
22.6,20.659265572580225,-103.46980997187254
22.6,20.659265572580225,-103.46501133006466
-7.3,20.659265572580225,-103.46021268825676
-7.3,20.659265572580225,-103.4218235537936
-7.3,20.659265572580225,-103.4170249119857
10.2,20.659265572580225,-103.41222627017783
10.2,20.659265572580225,-103.40742762836993
18.9,20.659265572580225,-103.40262898656204
47.0,20.659265572580225,-103.39783034475414
42.5,20.659265572580225,-103.39303170294625
47.0,20.659265572580225,-103.38823306113835
42.5,20.659265572580225,-103.38343441933046
29.4,20.659265572580225,-103.37863577752256
37.4,20.659265572580225,-103.37383713571467
34.2,20.659265572580225,-103.36903849390677
13.8,20.659265572580225,-103.36423985209888
18.9,20.659265572580225,-103.35944121029098
-7.3,20.659265572580225,-103.3546425684831
-7.3,20.659265572580225,-103.34504528486731
-7.3,20.654641495691056,-103.4218235537936
-7.3,20.654641495691056,-103.4170249119857
-7.3,20.654641495691056,-103.41222627017783
13.8,20.654641495691056,-103.40742762836993
47.0,20.654641495691056,-103.40262898656204
47.0,20.654641495691056,-103.39783034475414
37.4,20.654641495691056,-103.39303170294625
34.2,20.654641495691056,-103.38823306113835
34.2,20.654641495691056,-103.38343441933046
29.4,20.654641495691056,-103.37863577752256
37.4,20.654641495691056,-103.37383713571467
34.2,20.654641495691056,-103.36903849390677
29.4,20.654641495691056,-103.36423985209888
22.6,20.654641495691056,-103.35944121029098
-7.3,20.654641495691056,-103.3546425684831
-7.3,20.654641495691056,-103.3498439266752
22.6,20.654641495691056,-103.34504528486731
-7.3,20.650017418801887,-103.4170249119857
-7.3,20.650017418801887,-103.41222627017783
29.4,20.650017418801887,-103.40742762836993
47.0,20.650017418801887,-103.40262898656204
34.2,20.650017418801887,-103.39783034475414
34.2,20.650017418801887,-103.39303170294625
34.2,20.650017418801887,-103.38823306113835
22.6,20.650017418801887,-103.38343441933046
13.8,20.650017418801887,-103.37863577752256
22.6,20.650017418801887,-103.37383713571467
22.6,20.650017418801887,-103.36903849390677
29.4,20.650017418801887,-103.36423985209888
29.4,20.650017418801887,-103.35944121029098
13.8,20.650017418801887,-103.3546425684831
-7.3,20.650017418801887,-103.3498439266752
22.6,20.650017418801887,-103.34504528486731
10.2,20.650017418801887,-103.34024664305942
18.9,20.650017418801887,-103.32105207582784
13.8,20.64539334191272,-103.41222627017783
34.2,20.64539334191272,-103.40742762836993
33.0,20.64539334191272,-103.40262898656204
37.4,20.64539334191272,-103.39783034475414
34.2,20.64539334191272,-103.39303170294625
37.4,20.64539334191272,-103.38823306113835
29.4,20.64539334191272,-103.38343441933046
22.6,20.64539334191272,-103.37863577752256
13.8,20.64539334191272,-103.37383713571467
22.6,20.64539334191272,-103.36903849390677
22.6,20.64539334191272,-103.36423985209888
29.4,20.64539334191272,-103.35944121029098
22.6,20.64539334191272,-103.3546425684831
22.6,20.64539334191272,-103.3498439266752
-7.3,20.64539334191272,-103.34504528486731
13.8,20.64539334191272,-103.34024664305942
-7.3,20.64539334191272,-103.33544800125152
29.4,20.64076926502355,-103.41222627017783
34.2,20.64076926502355,-103.40742762836993
34.2,20.64076926502355,-103.40262898656204
37.4,20.64076926502355,-103.39783034475414
37.4,20.64076926502355,-103.39303170294625
34.2,20.64076926502355,-103.38823306113835
13.8,20.64076926502355,-103.38343441933046
22.6,20.64076926502355,-103.37863577752256
18.9,20.64076926502355,-103.37383713571467
29.4,20.64076926502355,-103.36903849390677
42.5,20.64076926502355,-103.36423985209888
37.4,20.64076926502355,-103.35944121029098
34.2,20.64076926502355,-103.3546425684831
18.9,20.64076926502355,-103.3498439266752
10.2,20.64076926502355,-103.33544800125152
13.8,20.64076926502355,-103.33064935944363
13.8,20.636145188134382,-103.4170249119857
18.9,20.636145188134382,-103.41222627017783
29.4,20.636145188134382,-103.40742762836993
42.5,20.636145188134382,-103.40262898656204
37.4,20.636145188134382,-103.39783034475414
22.6,20.636145188134382,-103.39303170294625
34.2,20.636145188134382,-103.38823306113835
22.6,20.636145188134382,-103.38343441933046
-7.3,20.636145188134382,-103.37863577752256
-7.3,20.636145188134382,-103.37383713571467
-7.3,20.636145188134382,-103.36903849390677
13.8,20.636145188134382,-103.36423985209888
52.6,20.636145188134382,-103.35944121029098
42.5,20.636145188134382,-103.3546425684831
22.6,20.636145188134382,-103.3498439266752
10.2,20.636145188134382,-103.33064935944363
-7.3,20.631521111245213,-103.4170249119857
-7.3,20.631521111245213,-103.41222627017783
-7.3,20.631521111245213,-103.40742762836993
37.4,20.631521111245213,-103.40262898656204
29.4,20.631521111245213,-103.39783034475414
-7.3,20.631521111245213,-103.39303170294625
-7.3,20.631521111245213,-103.38823306113835
-7.3,20.631521111245213,-103.37863577752256
10.2,20.631521111245213,-103.36903849390677
10.2,20.631521111245213,-103.36423985209888
47.0,20.631521111245213,-103.35944121029098
34.2,20.631521111245213,-103.3546425684831
10.2,20.631521111245213,-103.3498439266752
13.8,20.62689703435604,-103.41222627017783
-7.3,20.62689703435604,-103.37383713571467
29.4,20.62689703435604,-103.36903849390677
34.2,20.62689703435604,-103.36423985209888
47.0,20.62689703435604,-103.35944121029098
29.4,20.62689703435604,-103.3546425684831
37.4,20.62689703435604,-103.3498439266752
-7.3,20.622272957466873,-103.4170249119857
10.2,20.622272957466873,-103.41222627017783
-7.3,20.622272957466873,-103.40742762836993
13.8,20.622272957466873,-103.38343441933046
-7.3,20.622272957466873,-103.37863577752256
13.8,20.622272957466873,-103.37383713571467
42.5,20.622272957466873,-103.36903849390677
42.5,20.622272957466873,-103.36423985209888
47.0,20.622272957466873,-103.35944121029098
34.2,20.622272957466873,-103.3546425684831
22.6,20.622272957466873,-103.3498439266752
-7.3,20.617648880577704,-103.4170249119857
10.2,20.617648880577704,-103.41222627017783
10.2,20.617648880577704,-103.40742762836993
10.2,20.617648880577704,-103.38343441933046
13.8,20.617648880577704,-103.37863577752256
29.4,20.617648880577704,-103.37383713571467
34.2,20.617648880577704,-103.36903849390677
42.5,20.617648880577704,-103.36423985209888
47.0,20.617648880577704,-103.35944121029098
34.2,20.617648880577704,-103.3546425684831
34.2,20.617648880577704,-103.3498439266752
29.4,20.617648880577704,-103.34504528486731
29.4,20.613024803688536,-103.37863577752256
29.4,20.613024803688536,-103.37383713571467
37.4,20.613024803688536,-103.36903849390677
37.4,20.613024803688536,-103.36423985209888
37.4,20.613024803688536,-103.35944121029098
34.2,20.613024803688536,-103.3546425684831
34.2,20.613024803688536,-103.3498439266752
29.4,20.613024803688536,-103.34504528486731
-7.3,20.613024803688536,-103.34024664305942
-7.3,20.608400726799367,-103.38343441933046
22.6,20.608400726799367,-103.37863577752256
29.4,20.608400726799367,-103.37383713571467
34.2,20.608400726799367,-103.36903849390677
37.4,20.608400726799367,-103.36423985209888
29.4,20.608400726799367,-103.35944121029098
37.4,20.608400726799367,-103.3546425684831
29.4,20.608400726799367,-103.3498439266752
29.4,20.608400726799367,-103.34504528486731
-7.3,20.608400726799367,-103.34024664305942
-7.3,20.6037766499102,-103.38823306113835
13.8,20.6037766499102,-103.38343441933046
29.4,20.6037766499102,-103.37863577752256
29.4,20.6037766499102,-103.37383713571467
34.2,20.6037766499102,-103.36903849390677
34.2,20.6037766499102,-103.36423985209888
34.2,20.6037766499102,-103.35944121029098
18.9,20.6037766499102,-103.3546425684831
18.9,20.6037766499102,-103.3498439266752
13.8,20.6037766499102,-103.34504528486731
13.8,20.59915257302103,-103.38823306113835
13.8,20.59915257302103,-103.38343441933046
22.6,20.59915257302103,-103.37863577752256
29.4,20.59915257302103,-103.37383713571467
34.2,20.59915257302103,-103.36903849390677
29.4,20.59915257302103,-103.36423985209888
13.8,20.59915257302103,-103.35944121029098
13.8,20.59915257302103,-103.3546425684831
18.9,20.59915257302103,-103.3498439266752
18.9,20.59452849613186,-103.37863577752256
22.6,20.59452849613186,-103.37383713571467
34.2,20.59452849613186,-103.36903849390677
22.6,20.59452849613186,-103.36423985209888
22.6,20.59452849613186,-103.35944121029098
18.9,20.59452849613186,-103.3498439266752
18.9,20.589904419242693,-103.37863577752256
18.9,20.589904419242693,-103.37383713571467
22.6,20.589904419242693,-103.36903849390677
18.9,20.58528034235352,-103.37383713571467
10.2,20.58528034235352,-103.36903849390677
22.6,20.58528034235352,-102.98514714927528
22.6,20.580656265464352,-103.37383713571467
22.6,20.576032188575184,-102.95635529842792
22.6,20.571408111686015,-102.93716073119634
22.6,20.566784034796846,-102.93716073119634
22.6,20.562159957907678,-102.97554986565949
22.6,20.4095654205651,-103.08111998543316
22.6,20.404941343675933,-103.08591862724104
22.6,20.404941343675933,-103.08111998543316
22.6,20.400317266786764,-103.09071726904894
22.6,20.400317266786764,-103.08591862724104
29.4,20.400317266786764,-103.08111998543316
22.6,20.395693189897596,-103.09071726904894
22.6,20.395693189897596,-103.08591862724104
22.6,20.395693189897596,-103.08111998543316
22.6,20.395693189897596,-103.07632134362527
22.6,20.395693189897596,-103.07152270181737
22.6,20.391069113008427,-103.09551591085683
29.4,20.391069113008427,-103.09071726904894
22.6,20.391069113008427,-103.08591862724104
22.6,20.391069113008427,-103.08111998543316
29.4,20.391069113008427,-103.07632134362527
29.4,20.391069113008427,-103.07152270181737
29.4,20.391069113008427,-103.06672406000948
29.4,20.38644503611926,-103.09071726904894
22.6,20.38644503611926,-103.08591862724104
29.4,20.38644503611926,-103.08111998543316
22.6,20.38644503611926,-103.07632134362527
29.4,20.38644503611926,-103.07152270181737
22.6,20.38644503611926,-103.06672406000948
22.6,20.38644503611926,-103.06192541820158
29.4,20.38182095923009,-103.08111998543316
29.4,20.38182095923009,-103.07632134362527
29.4,20.38182095923009,-103.07152270181737
22.6,20.38182095923009,-103.06672406000948
22.6,20.38182095923009,-103.06192541820158
22.6,20.37719688234092,-103.08591862724104
29.4,20.37719688234092,-103.08111998543316
22.6,20.37719688234092,-103.07632134362527
29.4,20.37719688234092,-103.07152270181737
29.4,20.37719688234092,-103.06672406000948
29.4,20.37719688234092,-103.06192541820158
22.6,20.37719688234092,-103.05712677639369
22.6,20.37719688234092,-103.05232813458579
22.6,20.372572805451753,-103.06672406000948
22.6,20.372572805451753,-103.06192541820158
29.4,20.372572805451753,-103.05712677639369
29.4,20.36794872856258,-103.06192541820158
29.4,20.36794872856258,-103.05712677639369
22.6,20.363324651673413,-103.06192541820158
29.4,20.363324651673413,-103.05712677639369
22.6,20.363324651673413,-103.05232813458579
22.6,20.363324651673413,-103.03313356735421
29.4,20.363324651673413,-103.02833492554632
22.6,20.363324651673413,-103.02353628373844
22.6,20.358700574784244,-103.06672406000948
22.6,20.358700574784244,-103.06192541820158
29.4,20.358700574784244,-103.05712677639369
22.6,20.358700574784244,-103.05232813458579
29.4,20.358700574784244,-103.0475294927779
22.6,20.358700574784244,-103.04273085097
29.4,20.358700574784244,-103.03793220916211
34.2,20.358700574784244,-103.03313356735421
29.4,20.358700574784244,-103.02833492554632
29.4,20.358700574784244,-103.02353628373844
29.4,20.358700574784244,-103.01873764193054
22.6,20.354076497895075,-103.07632134362527
22.6,20.354076497895075,-103.06192541820158
22.6,20.354076497895075,-103.05712677639369
22.6,20.354076497895075,-103.05232813458579
22.6,20.354076497895075,-103.0475294927779
34.2,20.354076497895075,-103.04273085097
34.2,20.354076497895075,-103.03793220916211
34.2,20.354076497895075,-103.03313356735421
34.2,20.354076497895075,-103.02833492554632
29.4,20.354076497895075,-103.02353628373844
29.4,20.354076497895075,-103.01873764193054
29.4,20.349452421005907,-103.08111998543316
22.6,20.349452421005907,-103.07632134362527
22.6,20.349452421005907,-103.05712677639369
22.6,20.349452421005907,-103.05232813458579
29.4,20.349452421005907,-103.0475294927779
29.4,20.349452421005907,-103.04273085097
34.2,20.349452421005907,-103.03793220916211
34.2,20.349452421005907,-103.03313356735421
29.4,20.349452421005907,-103.02833492554632
29.4,20.349452421005907,-103.02353628373844
29.4,20.349452421005907,-103.01873764193054
29.4,20.34482834411674,-103.08111998543316
22.6,20.34482834411674,-103.07632134362527
29.4,20.34482834411674,-103.07152270181737
29.4,20.34482834411674,-103.06672406000948
22.6,20.34482834411674,-103.06192541820158
29.4,20.34482834411674,-103.05712677639369
29.4,20.34482834411674,-103.05232813458579
29.4,20.34482834411674,-103.0475294927779
34.2,20.34482834411674,-103.04273085097
29.4,20.34482834411674,-103.03793220916211
29.4,20.34482834411674,-103.03313356735421
29.4,20.34482834411674,-103.02833492554632
29.4,20.34482834411674,-103.02353628373844
22.6,20.34482834411674,-103.01873764193054
29.4,20.34482834411674,-103.01393900012265
22.6,20.34020426722757,-103.08591862724104
29.4,20.34020426722757,-103.07632134362527
29.4,20.34020426722757,-103.07152270181737
22.6,20.34020426722757,-103.06672406000948
29.4,20.34020426722757,-103.06192541820158
22.6,20.34020426722757,-103.05712677639369
29.4,20.34020426722757,-103.05232813458579
29.4,20.34020426722757,-103.0475294927779
29.4,20.34020426722757,-103.04273085097
29.4,20.34020426722757,-103.03793220916211
29.4,20.34020426722757,-103.03313356735421
29.4,20.34020426722757,-103.02833492554632
29.4,20.34020426722757,-103.02353628373844
29.4,20.34020426722757,-103.01873764193054
22.6,20.3355801903384,-103.08111998543316
22.6,20.3355801903384,-103.07632134362527
29.4,20.3355801903384,-103.07152270181737
22.6,20.3355801903384,-103.06672406000948
29.4,20.3355801903384,-103.06192541820158
29.4,20.3355801903384,-103.05712677639369
22.6,20.3355801903384,-103.05232813458579
22.6,20.3355801903384,-103.0475294927779
29.4,20.3355801903384,-103.04273085097
29.4,20.3355801903384,-103.03793220916211
29.4,20.3355801903384,-103.02353628373844
29.4,20.3355801903384,-103.01873764193054
22.6,20.330956113449233,-103.07632134362527
22.6,20.330956113449233,-103.06672406000948
22.6,20.330956113449233,-103.06192541820158
29.4,20.330956113449233,-103.05712677639369
29.4,20.330956113449233,-103.05232813458579
22.6,20.330956113449233,-103.03313356735421
29.4,20.330956113449233,-103.02833492554632
29.4,20.330956113449233,-103.02353628373844
22.6,20.326332036560064,-103.06192541820158
29.4,20.29858757522505,-102.94195937300424
29.4,20.104376345879956,-102.78360419334375
34.2,20.104376345879956,-102.77880555153585
34.2,20.104376345879956,-102.77400690972796
29.4,20.099752268990784,-102.79320147695954
34.2,20.099752268990784,-102.78840283515164
34.2,20.099752268990784,-102.78360419334375
34.2,20.099752268990784,-102.77880555153585
34.2,20.099752268990784,-102.77400690972796
29.4,20.095128192101615,-102.80279876057533
37.4,20.095128192101615,-102.79800011876743
34.2,20.095128192101615,-102.79320147695954
34.2,20.095128192101615,-102.78840283515164
37.4,20.095128192101615,-102.78360419334375
34.2,20.095128192101615,-102.77880555153585
29.4,20.095128192101615,-102.77400690972796
29.4,20.090504115212447,-102.80759740238321
37.4,20.090504115212447,-102.80279876057533
37.4,20.090504115212447,-102.79800011876743
37.4,20.090504115212447,-102.79320147695954
37.4,20.090504115212447,-102.78840283515164
34.2,20.090504115212447,-102.78360419334375
34.2,20.090504115212447,-102.77880555153585
29.4,20.08588003832328,-102.8123960441911
37.4,20.08588003832328,-102.80759740238321
37.4,20.08588003832328,-102.80279876057533
42.5,20.08588003832328,-102.79800011876743
42.5,20.08588003832328,-102.79320147695954
42.5,20.08588003832328,-102.78840283515164
37.4,20.08588003832328,-102.78360419334375
34.2,20.08588003832328,-102.77880555153585
37.4,20.08125596143411,-102.8123960441911
37.4,20.08125596143411,-102.80759740238321
42.5,20.08125596143411,-102.80279876057533
42.5,20.08125596143411,-102.79800011876743
42.5,20.08125596143411,-102.79320147695954
42.5,20.08125596143411,-102.78840283515164
37.4,20.08125596143411,-102.78360419334375
34.2,20.08125596143411,-102.77880555153585
29.4,20.08125596143411,-102.77400690972796
29.4,20.07663188454494,-102.82679196961479
29.4,20.07663188454494,-102.8219933278069
37.4,20.07663188454494,-102.817194685999
37.4,20.07663188454494,-102.8123960441911
42.5,20.07663188454494,-102.80759740238321
42.5,20.07663188454494,-102.80279876057533
42.5,20.07663188454494,-102.79800011876743
42.5,20.07663188454494,-102.79320147695954
42.5,20.07663188454494,-102.78840283515164
37.4,20.07663188454494,-102.78360419334375
34.2,20.07663188454494,-102.77880555153585
34.2,20.072007807655773,-102.83638925323058
34.2,20.072007807655773,-102.83159061142268
34.2,20.072007807655773,-102.82679196961479
34.2,20.072007807655773,-102.8219933278069
37.4,20.072007807655773,-102.817194685999
37.4,20.072007807655773,-102.8123960441911
42.5,20.072007807655773,-102.80759740238321
42.5,20.072007807655773,-102.80279876057533
42.5,20.072007807655773,-102.79800011876743
42.5,20.072007807655773,-102.79320147695954
42.5,20.072007807655773,-102.78840283515164
37.4,20.072007807655773,-102.78360419334375
34.2,20.067383730766604,-102.84118789503847
34.2,20.067383730766604,-102.83638925323058
34.2,20.067383730766604,-102.83159061142268
34.2,20.067383730766604,-102.82679196961479
37.4,20.067383730766604,-102.8219933278069
37.4,20.067383730766604,-102.817194685999
37.4,20.067383730766604,-102.8123960441911
42.5,20.067383730766604,-102.80759740238321
47.0,20.067383730766604,-102.80279876057533
42.5,20.067383730766604,-102.79800011876743
42.5,20.067383730766604,-102.79320147695954
42.5,20.067383730766604,-102.78840283515164
34.2,20.067383730766604,-102.78360419334375
34.2,20.062759653877436,-102.84598653684637
34.2,20.062759653877436,-102.84118789503847
34.2,20.062759653877436,-102.83638925323058
34.2,20.062759653877436,-102.83159061142268
29.4,20.062759653877436,-102.82679196961479
34.2,20.062759653877436,-102.8219933278069
37.4,20.062759653877436,-102.817194685999
42.5,20.062759653877436,-102.8123960441911
42.5,20.062759653877436,-102.80759740238321
42.5,20.062759653877436,-102.80279876057533
42.5,20.062759653877436,-102.79800011876743
37.4,20.062759653877436,-102.79320147695954
34.2,20.062759653877436,-102.78840283515164
29.4,20.058135576988263,-102.84598653684637
34.2,20.058135576988263,-102.84118789503847
34.2,20.058135576988263,-102.83638925323058
34.2,20.058135576988263,-102.8219933278069
37.4,20.058135576988263,-102.817194685999
42.5,20.058135576988263,-102.8123960441911
42.5,20.058135576988263,-102.80759740238321
37.4,20.058135576988263,-102.80279876057533
34.2,20.058135576988263,-102.79800011876743
34.2,20.058135576988263,-102.79320147695954
34.2,20.053511500099095,-102.82679196961479
34.2,20.053511500099095,-102.8219933278069
34.2,20.053511500099095,-102.817194685999
34.2,20.053511500099095,-102.8123960441911
34.2,20.053511500099095,-102.80759740238321
34.2,20.053511500099095,-102.80279876057533
29.4,20.048887423209926,-102.80759740238321
34.2,19.82230765564065,-103.44581676283308
34.2,19.82230765564065,-103.44101812102518
34.2,19.82230765564065,-103.43621947921729
34.2,19.82230765564065,-103.43142083740939
34.2,19.81768357875148,-103.46021268825676
37.4,19.81768357875148,-103.45541404644887
37.4,19.81768357875148,-103.45061540464097
37.4,19.81768357875148,-103.44581676283308
37.4,19.81768357875148,-103.44101812102518
34.2,19.81768357875148,-103.43621947921729
34.2,19.81768357875148,-103.43142083740939
34.2,19.81768357875148,-103.4266221956015
34.2,19.81768357875148,-103.4218235537936
34.2,19.81768357875148,-103.4170249119857
29.4,19.81768357875148,-103.41222627017783
29.4,19.813059501862313,-103.46021268825676
34.2,19.813059501862313,-103.45541404644887
34.2,19.813059501862313,-103.45061540464097
37.4,19.813059501862313,-103.44101812102518
37.4,19.813059501862313,-103.43621947921729
37.4,19.813059501862313,-103.43142083740939
37.4,19.813059501862313,-103.4266221956015
37.4,19.813059501862313,-103.4218235537936
34.2,19.813059501862313,-103.4170249119857
34.2,19.813059501862313,-103.41222627017783
34.2,19.808435424973144,-103.44581676283308
34.2,19.808435424973144,-103.44101812102518
34.2,19.808435424973144,-103.43621947921729
37.4,19.808435424973144,-103.43142083740939
34.2,19.808435424973144,-103.4266221956015
34.2,19.808435424973144,-103.4218235537936
34.2,19.808435424973144,-103.4170249119857
34.2,19.808435424973144,-103.41222627017783
34.2,19.803811348083975,-103.44581676283308
34.2,19.803811348083975,-103.44101812102518
34.2,19.803811348083975,-103.43621947921729
34.2,19.803811348083975,-103.43142083740939
34.2,19.803811348083975,-103.4266221956015
34.2,19.803811348083975,-103.4218235537936
29.4,19.803811348083975,-103.38823306113835
34.2,19.803811348083975,-103.37863577752256
29.4,19.803811348083975,-103.37383713571467
29.4,19.803811348083975,-103.36903849390677
29.4,19.799187271194803,-103.43621947921729
34.2,19.799187271194803,-103.39303170294625
37.4,19.799187271194803,-103.38823306113835
37.4,19.799187271194803,-103.38343441933046
37.4,19.799187271194803,-103.37863577752256
37.4,19.799187271194803,-103.37383713571467
37.4,19.799187271194803,-103.36903849390677
37.4,19.799187271194803,-103.36423985209888
34.2,19.799187271194803,-103.35944121029098
37.4,19.794563194305635,-103.39303170294625
37.4,19.794563194305635,-103.38823306113835
37.4,19.794563194305635,-103.38343441933046
42.5,19.794563194305635,-103.37863577752256
37.4,19.794563194305635,-103.37383713571467
37.4,19.794563194305635,-103.36903849390677
37.4,19.794563194305635,-103.36423985209888
34.2,19.794563194305635,-103.35944121029098
34.2,19.794563194305635,-103.14830097074366
34.2,19.794563194305635,-103.14350232893577
34.2,19.794563194305635,-103.13870368712787
37.4,19.794563194305635,-103.13390504531999
34.2,19.794563194305635,-103.1291064035121
37.4,19.789939117416466,-103.39303170294625
37.4,19.789939117416466,-103.38823306113835
42.5,19.789939117416466,-103.38343441933046
42.5,19.789939117416466,-103.37863577752256
37.4,19.789939117416466,-103.37383713571467
37.4,19.789939117416466,-103.36903849390677
37.4,19.789939117416466,-103.36423985209888
34.2,19.789939117416466,-103.35944121029098
34.2,19.789939117416466,-103.15789825435945
42.5,19.789939117416466,-103.15309961255156
42.5,19.789939117416466,-103.14830097074366
42.5,19.789939117416466,-103.14350232893577
37.4,19.789939117416466,-103.13870368712787
37.4,19.789939117416466,-103.13390504531999
34.2,19.785315040527298,-103.56098416622253
34.2,19.785315040527298,-103.55138688260674
29.4,19.785315040527298,-103.54658824079884
34.2,19.785315040527298,-103.39783034475414
34.2,19.785315040527298,-103.39303170294625
34.2,19.785315040527298,-103.38823306113835
37.4,19.785315040527298,-103.38343441933046
37.4,19.785315040527298,-103.37863577752256
37.4,19.785315040527298,-103.37383713571467
34.2,19.785315040527298,-103.36903849390677
34.2,19.785315040527298,-103.36423985209888
29.4,19.785315040527298,-103.35944121029098
34.2,19.785315040527298,-103.16269689616735
37.4,19.785315040527298,-103.15789825435945
37.4,19.785315040527298,-103.15309961255156
37.4,19.785315040527298,-103.14830097074366
37.4,19.785315040527298,-103.14350232893577
34.2,19.785315040527298,-103.13870368712787
34.2,19.78069096363813,-103.56578280803042
34.2,19.78069096363813,-103.56098416622253
34.2,19.78069096363813,-103.55618552441463
37.4,19.78069096363813,-103.55138688260674
37.4,19.78069096363813,-103.54658824079884
34.2,19.78069096363813,-103.54178959899095
29.4,19.78069096363813,-103.53699095718305
34.2,19.78069096363813,-103.39303170294625
34.2,19.78069096363813,-103.38823306113835
34.2,19.78069096363813,-103.38343441933046
34.2,19.78069096363813,-103.37863577752256
34.2,19.78069096363813,-103.37383713571467
34.2,19.78069096363813,-103.36903849390677
29.4,19.78069096363813,-103.16269689616735
34.2,19.78069096363813,-103.15789825435945
34.2,19.77606688674896,-103.57058144983831
34.2,19.77606688674896,-103.56578280803042
37.4,19.77606688674896,-103.56098416622253
37.4,19.77606688674896,-103.55618552441463
34.2,19.77606688674896,-103.55138688260674
34.2,19.77606688674896,-103.54658824079884
37.4,19.77606688674896,-103.54178959899095
34.2,19.77606688674896,-103.53699095718305
29.4,19.77606688674896,-103.39783034475414
34.2,19.77606688674896,-103.39303170294625
34.2,19.77606688674896,-103.38823306113835
37.4,19.77606688674896,-103.38343441933046
37.4,19.77606688674896,-103.37863577752256
34.2,19.77606688674896,-103.37383713571467
34.2,19.77606688674896,-103.36903849390677
34.2,19.77606688674896,-103.36423985209888
34.2,19.771442809859792,-103.57058144983831
34.2,19.771442809859792,-103.56578280803042
34.2,19.771442809859792,-103.56098416622253
34.2,19.771442809859792,-103.55618552441463
34.2,19.771442809859792,-103.55138688260674
37.4,19.771442809859792,-103.54658824079884
37.4,19.771442809859792,-103.54178959899095
34.2,19.771442809859792,-103.53699095718305
29.4,19.771442809859792,-103.40742762836993
34.2,19.771442809859792,-103.40262898656204
34.2,19.771442809859792,-103.39783034475414
34.2,19.771442809859792,-103.39303170294625
34.2,19.771442809859792,-103.38823306113835
34.2,19.771442809859792,-103.38343441933046
34.2,19.771442809859792,-103.37863577752256
34.2,19.771442809859792,-103.37383713571467
34.2,19.766818732970624,-103.56578280803042
34.2,19.766818732970624,-103.56098416622253
37.4,19.766818732970624,-103.55618552441463
34.2,19.766818732970624,-103.55138688260674
37.4,19.766818732970624,-103.54658824079884
34.2,19.766818732970624,-103.54178959899095
34.2,19.766818732970624,-103.53699095718305
29.4,19.766818732970624,-103.38823306113835
34.2,19.762194656081455,-103.57058144983831
34.2,19.762194656081455,-103.56578280803042
34.2,19.762194656081455,-103.56098416622253
34.2,19.762194656081455,-103.55618552441463
34.2,19.762194656081455,-103.55138688260674
34.2,19.762194656081455,-103.54658824079884
34.2,19.757570579192283,-103.56578280803042
34.2,19.757570579192283,-103.56098416622253
34.2,19.757570579192283,-103.55618552441463
34.2,19.757570579192283,-103.55138688260674
34.2,19.757570579192283,-103.54658824079884
34.2,19.757570579192283,-103.54178959899095
34.2,19.752946502303114,-103.55138688260674
34.2,19.752946502303114,-103.54658824079884
34.2,19.752946502303114,-103.54178959899095
34.2,19.752946502303114,-103.53699095718305
34.2,19.752946502303114,-103.53219231537516
34.2,19.748322425413946,-103.55618552441463
34.2,19.748322425413946,-103.55138688260674
34.2,19.748322425413946,-103.54658824079884
34.2,19.748322425413946,-103.53699095718305
34.2,19.743698348524777,-103.55138688260674
29.4,19.743698348524777,-103.53699095718305
34.2,19.743698348524777,-103.52259503175938
34.2,19.743698348524777,-103.51779638995149
34.2,19.73907427163561,-103.55618552441463
34.2,19.73907427163561,-103.55138688260674
34.2,19.73907427163561,-103.54658824079884
34.2,19.73907427163561,-103.54178959899095
34.2,19.73907427163561,-103.53699095718305
34.2,19.73907427163561,-103.53219231537516
34.2,19.73907427163561,-103.52739367356726
34.2,19.73907427163561,-103.51779638995149
34.2,19.73907427163561,-103.51299774814359
34.2,19.73445019474644,-103.54658824079884
34.2,19.73445019474644,-103.53699095718305
34.2,19.73445019474644,-103.53219231537516
29.4,19.73445019474644,-103.52739367356726
34.2,19.69283350274392,-103.84890267469615
34.2,19.69283350274392,-103.84410403288825
34.2,19.69283350274392,-103.83930539108036
34.2,19.68820942585475,-103.84890267469615
34.2,19.68820942585475,-103.84410403288825
34.2,19.68820942585475,-103.83930539108036
34.2,19.68820942585475,-103.83450674927246
37.4,19.68820942585475,-103.82970810746457
34.2,19.68820942585475,-103.82490946565667
34.2,19.683585348965583,-103.85370131650404
34.2,19.683585348965583,-103.84890267469615
34.2,19.683585348965583,-103.84410403288825
34.2,19.683585348965583,-103.83930539108036
34.2,19.683585348965583,-103.83450674927246
34.2,19.683585348965583,-103.82970810746457
34.2,19.683585348965583,-103.82490946565667
34.2,19.683585348965583,-103.82011082384878
34.2,19.683585348965583,-103.81531218204088
34.2,19.678961272076414,-103.84410403288825
34.2,19.678961272076414,-103.83930539108036
34.2,19.678961272076414,-103.83450674927246
34.2,19.678961272076414,-103.82970810746457
34.2,19.678961272076414,-103.82490946565667
34.2,19.678961272076414,-103.82011082384878
34.2,19.64659273385223,-102.86997974588583
34.2,19.64659273385223,-102.86518110407793
37.4,19.641968656963062,-102.87957702950162
37.4,19.641968656963062,-102.87477838769372
37.4,19.641968656963062,-102.86997974588583
37.4,19.641968656963062,-102.86518110407793
34.2,19.637344580073893,-102.8939729549253
37.4,19.637344580073893,-102.88917431311741
37.4,19.637344580073893,-102.88437567130951
37.4,19.637344580073893,-102.87957702950162
42.5,19.637344580073893,-102.87477838769372
34.2,19.632720503184725,-102.8987715967332
37.4,19.632720503184725,-102.8939729549253
37.4,19.632720503184725,-102.88917431311741
37.4,19.632720503184725,-102.88437567130951
37.4,19.632720503184725,-102.87957702950162
34.2,19.632720503184725,-102.87477838769372
37.4,19.628096426295556,-102.8987715967332
37.4,19.628096426295556,-102.8939729549253
37.4,19.628096426295556,-102.88917431311741
34.2,19.628096426295556,-102.88437567130951
34.2,19.628096426295556,-102.87957702950162
34.2,19.623472349406384,-102.8939729549253
34.2,19.623472349406384,-102.88917431311741
34.2,19.623472349406384,-102.88437567130951
34.2,19.623472349406384,-102.87957702950162
34.2,19.618848272517216,-102.88917431311741
34.2,19.438509273839628,-103.59457465887778
37.4,19.438509273839628,-103.58977601706988
37.4,19.438509273839628,-103.58497737526199
37.4,19.438509273839628,-103.58017873345409
34.2,19.43388519695046,-103.59457465887778
37.4,19.43388519695046,-103.58977601706988
37.4,19.43388519695046,-103.58497737526199
37.4,19.43388519695046,-103.58017873345409
37.4,19.43388519695046,-103.57538009164621
37.4,19.43388519695046,-103.57058144983831
34.2,19.43388519695046,-103.56098416622253
37.4,19.42926112006129,-103.58977601706988
37.4,19.42926112006129,-103.58497737526199
37.4,19.42926112006129,-103.58017873345409
37.4,19.42926112006129,-103.57538009164621
34.2,19.42926112006129,-103.57058144983831
34.2,19.42926112006129,-103.56578280803042
34.2,19.42926112006129,-103.56098416622253
34.2,19.424637043172122,-103.58017873345409
34.2,19.424637043172122,-103.57538009164621
34.2,19.420012966282954,-103.58977601706988
